title,company_name,location_name,role_family,seniority,posted_date,url
Software Engineer I,Bloomreach,India,software,junior,2026-02-17,https://remoteOK.com/remote-jobs/remote-software-engineer-i-bloomreach-1130343
Social Content Creator,HeyGen,Remote,analytics,unknown,2026-02-17,https://remoteOK.com/remote-jobs/remote-social-content-creator-heygen-1130344
Growth Marketing Manager,InfStones,Texas,analytics,unknown,2026-02-17,https://remoteOK.com/remote-jobs/remote-growth-marketing-manager-infstones-1130345
Senior Software Engineer,FeverUp,Spain,software,mid,2026-02-17,https://remoteOK.com/remote-jobs/remote-senior-software-engineer-feverup-1130346
Sales Specialist Upsell,Aura,Remote USA,software,unknown,2026-02-17,https://remoteOK.com/remote-jobs/remote-sales-specialist-upsell-aura-1130347
Inside Sales Representative Retention,Aura,Remote USA,unknown,junior,2026-02-17,https://remoteOK.com/remote-jobs/remote-inside-sales-representative-retention-aura-1130348
Financial Associate,Ethena Labs,Globally Remote,analytics,unknown,2026-02-17,https://remoteOK.com/remote-jobs/remote-financial-associate-ethena-labs-1130349
Marketing Campaign Operations Associate,Huntress,Remote,analytics,unknown,2026-02-17,https://remoteOK.com/remote-jobs/remote-marketing-campaign-operations-associate-huntress-1130350
Software Developer,Mind Friend PRO,Remote,software,senior,2026-02-17,https://remoteOK.com/remote-jobs/remote-software-developer-mind-friend-pro-1130351
Recruiting Partner,Code.org,"Seattle, WA",software,unknown,2026-02-17,https://remoteOK.com/remote-jobs/remote-recruiting-partner-code-org-1130352
HR Analyst,SurveyMonkey,Canada,analytics,junior,2026-02-17,https://remoteOK.com/remote-jobs/remote-hr-analyst-surveymonkey-1130353
Inbound Business Development Representative Mountain Central,Bloomerang,Remote,analytics,unknown,2026-02-17,https://remoteOK.com/remote-jobs/remote-inbound-business-development-representative-mountain-central-bloomerang-1130354
Customer Service Booking Hotels Online,Destination Knot,"Los Angeles, California",unknown,junior,2026-02-17,https://remoteOK.com/remote-jobs/remote-customer-service-booking-hotels-online-destination-knot-1130355
VP of Drayage & Intermodal,"ITS Logistics, LLC",Fort Worth,data_science,unknown,2026-02-17,https://remoteOK.com/remote-jobs/remote-vp-of-drayage-intermodal-its-logistics-llc-1130356
Content Manager,SavvyNomad,Remote,unknown,junior,2026-02-12,https://remoteOK.com/remote-jobs/remote-content-manager-savvynomad-1130223
Manager Customer Success Operations,Federato,Remote,software,unknown,2026-02-12,https://remoteOK.com/remote-jobs/remote-manager-customer-success-operations-federato-1130224
Permit Specialist work,TaxValet,Philippines,analytics,unknown,2026-02-12,https://remoteOK.com/remote-jobs/remote-permit-specialist-work-taxvalet-1130227
Staff Product Manager Personalization Foundations,Headspace,"New York City, NY",analytics,staff,2026-02-12,https://remoteOK.com/remote-jobs/remote-staff-product-manager-personalization-foundations-headspace-1130228
Licensed Life Insurance Agent Position with Growth,AO Garcia Agency,"Kent, Washington",unknown,unknown,2026-02-12,https://remoteOK.com/remote-jobs/remote-licensed-life-insurance-agent-position-with-growth-ao-garcia-agency-1130229
Lead Digital Media Buyer Latin America,Bluelight Consulting,Heredia,software,lead,2026-02-12,https://remoteOK.com/remote-jobs/remote-lead-digital-media-buyer-latin-america-bluelight-consulting-1130230
SOC Analyst,Keyrock,Remote,analytics,senior,2026-02-12,https://remoteOK.com/remote-jobs/remote-soc-analyst-keyrock-1130231
Supplier Quality Specialist,SpaceX,"Bastrop, TX",analytics,unknown,2026-02-12,https://remoteOK.com/remote-jobs/remote-supplier-quality-specialist-spacex-1130232
Senior Software Engineer Frontend,Blacklane,Barcelona,software,junior,2026-02-12,https://remoteOK.com/remote-jobs/remote-senior-software-engineer-frontend-blacklane-1130233
SAP Data Migration Architect,CSCI Consulting,Remote,data_engineering,unknown,2026-02-12,https://remoteOK.com/remote-jobs/remote-sap-data-migration-architect-csci-consulting-1130234
Design Program Manager AI,Figma,"San Francisco, CA",unknown,mid,2026-02-12,https://remoteOK.com/remote-jobs/remote-design-program-manager-ai-figma-1130235
Senior Technical Program Manager,Calendly,Remote - US,software,senior,2026-02-12,https://remoteOK.com/remote-jobs/remote-senior-technical-program-manager-calendly-1130236
Senior Account Manager,Workwize,New York,unknown,unknown,2026-02-12,https://remoteOK.com/remote-jobs/remote-senior-account-manager-workwize-1130239
Staff+ Software Engineer Observability,Anthropic,"London, UK",software,staff,2026-02-12,https://remoteOK.com/remote-jobs/remote-staff-software-engineer-observability-anthropic-1130240
Security Engineer,PermitFlow,New York City,data_engineering,senior,2026-02-13,https://remoteOK.com/remote-jobs/remote-security-engineer-permitflow-1130241
VP of Sales Strategic Accounts,AcuityMD,Boston,software,unknown,2026-02-13,https://remoteOK.com/remote-jobs/remote-vp-of-sales-strategic-accounts-acuitymd-1130242
Business Development Manager,YipitData (Alternative),US Remote,unknown,unknown,2026-02-13,https://remoteOK.com/remote-jobs/remote-business-development-manager-yipitdata-alternative-1130243
Innovation Architect LATAM LATAM,Miro,Remote,unknown,unknown,2026-02-13,https://remoteOK.com/remote-jobs/remote-innovation-architect-latam-latam-miro-1130244
Human Resources & Administrative Coordinator,Ludia Consulting,"Chicago, IL",unknown,junior,2026-02-13,https://remoteOK.com/remote-jobs/remote-human-resources-administrative-coordinator-ludia-consulting-1130245
Customer Experience Representative,BRUNT,Remote,software,unknown,2026-02-13,https://remoteOK.com/remote-jobs/remote-customer-experience-representative-brunt-1130246
Application Engineer CNC & Sheet Metal,Xometry,Brazil,data_science,mid,2026-02-13,https://remoteOK.com/remote-jobs/remote-application-engineer-cnc-sheet-metal-xometry-1130247
Channel Business Manager,10x Genomics,Australia,analytics,unknown,2026-02-13,https://remoteOK.com/remote-jobs/remote-channel-business-manager-10x-genomics-1130248
Founding Paralegal,Eudia,Remote,unknown,junior,2026-02-13,https://remoteOK.com/remote-jobs/remote-founding-paralegal-eudia-1130249
Senior Manager Customer Operations,May Mobility,Remote,analytics,unknown,2026-02-13,https://remoteOK.com/remote-jobs/remote-senior-manager-customer-operations-may-mobility-1130250
Senior Software Engineer I Puppet,Perforce,Remote,software,senior,2026-02-13,https://remoteOK.com/remote-jobs/remote-senior-software-engineer-i-puppet-perforce-1130251
Director Community & Developer Advocacy,Tines,North America,unknown,senior,2026-02-13,https://remoteOK.com/remote-jobs/remote-director-community-developer-advocacy-tines-1130252
Senior Data Scientist,Weedmaps,Remote,data_science,senior,2026-02-13,https://remoteOK.com/remote-jobs/remote-senior-data-scientist-weedmaps-1130254
Customer Experience Associate,Sure,Remote,analytics,unknown,2026-02-13,https://remoteOK.com/remote-jobs/remote-customer-experience-associate-sure-1130255
YouTube Editor Freelance,Interdependence,Remote,software,unknown,2026-02-13,https://remoteOK.com/remote-jobs/remote-youtube-editor-freelance-interdependence-1130257
Staff Data Analyst,Weedmaps,Remote,analytics,junior,2026-02-13,https://remoteOK.com/remote-jobs/remote-staff-data-analyst-weedmaps-1130258
CSM I,Carrot Fertility,Remote,analytics,junior,2026-02-13,https://remoteOK.com/remote-jobs/remote-csm-i-carrot-fertility-1130259
Database Administrator Cloud,MariaDB plc,Dominican Republic,data_engineering,unknown,2026-02-14,https://remoteOK.com/remote-jobs/remote-database-administrator-cloud-mariadb-plc-1130260
Sales Development Representative,Stress Free Auto Care,Austin,software,unknown,2026-02-14,https://remoteOK.com/remote-jobs/remote-sales-development-representative-stress-free-auto-care-1130261
VP Portfolio & Underwriting,"Pathward, N.A.",Remote,analytics,staff,2026-02-14,https://remoteOK.com/remote-jobs/remote-vp-portfolio-underwriting-pathward-n-a-1130262
Senior Sales Development Representative,Loop,London,unknown,unknown,2026-02-14,https://remoteOK.com/remote-jobs/remote-senior-sales-development-representative-loop-1130263
Enterprise Account Executive Cloud Sales,Azul,Remote,software,staff,2026-02-14,https://remoteOK.com/remote-jobs/remote-enterprise-account-executive-cloud-sales-azul-1130264
IT Support Technician,Terraformation,"Remote, United States",unknown,intern,2026-02-14,https://remoteOK.com/remote-jobs/remote-it-support-technician-terraformation-1130265
Integrated Marketing Manager,OpenAI,Remote,unknown,mid,2026-02-14,https://remoteOK.com/remote-jobs/remote-integrated-marketing-manager-openai-1130266
Community Specialist I,HighLevel,Mexico,analytics,unknown,2026-02-14,https://remoteOK.com/remote-jobs/remote-community-specialist-i-highlevel-1130267
Senior Manager RFP Response,RxSense,Remote,software,unknown,2026-02-14,https://remoteOK.com/remote-jobs/remote-senior-manager-rfp-response-rxsense-1130268
Sales Development Representative,career,Remote,software,unknown,2026-02-14,https://remoteOK.com/remote-jobs/remote-sales-development-representative-career-1130269
VP Practice Operations,Form Health,Remote,software,unknown,2026-02-14,https://remoteOK.com/remote-jobs/remote-vp-practice-operations-form-health-1130270
Head of Professional Services,GoodTime,Remote,unknown,lead,2026-02-14,https://remoteOK.com/remote-jobs/remote-head-of-professional-services-goodtime-1130271
Junior Product Support Specialist,Amplemarket,"Remote, LATAM/North America",unknown,junior,2026-02-14,https://remoteOK.com/remote-jobs/remote-junior-product-support-specialist-amplemarket-1130272
Product Marketing Manager,Lumivero,United States,analytics,unknown,2026-02-14,https://remoteOK.com/remote-jobs/remote-product-marketing-manager-lumivero-1130273
Executive Director Safety &amp; Pharmacovigilance,Kyverna Therapeutics,Remote,unknown,staff,2026-02-14,https://remoteOK.com/remote-jobs/remote-executive-director-safety-amp-pharmacovigilance-kyverna-therapeutics-1130274
Big Data Engineer,Oowlish Technology,Remote,data_engineering,intern,2026-02-14,https://remoteOK.com/remote-jobs/remote-big-data-engineer-oowlish-technology-1130275
Technical Sales Manager,Maxcess International,"St. Louis, MO",analytics,unknown,2026-02-14,https://remoteOK.com/remote-jobs/remote-technical-sales-manager-maxcess-international-1130276
Director of Quality Performance,Vanna Health,San Francisco,analytics,unknown,2026-02-14,https://remoteOK.com/remote-jobs/remote-director-of-quality-performance-vanna-health-1130277
Tech Lead,Amplemarket,Remote,data_science,lead,2026-02-14,https://remoteOK.com/remote-jobs/remote-tech-lead-amplemarket-1130278
Data Science Intern Pricing Analytics,Gametime United,United States,data_science,intern,2026-02-14,https://remoteOK.com/remote-jobs/remote-data-science-intern-pricing-analytics-gametime-united-1130279
Communications Specialist,DCG,National Capital Region,unknown,unknown,2026-02-14,https://remoteOK.com/remote-jobs/remote-communications-specialist-dcg-1130280
Account Executive,Corporativo Lumston,Remote,unknown,intern,2026-02-14,https://remoteOK.com/remote-jobs/remote-account-executive-corporativo-lumston-1130281
Senior Medical Science Liaison,Xenon Pharmaceuticals,Remote,data_science,unknown,2026-02-14,https://remoteOK.com/remote-jobs/remote-senior-medical-science-liaison-xenon-pharmaceuticals-1130282
Principal Data Operations &amp; Migration Lead,StarCompliance,"York, United Kingdom",data_engineering,intern,2026-02-14,https://remoteOK.com/remote-jobs/remote-principal-data-operations-amp-migration-lead-starcompliance-1130283
Senior Data Engineer,Oowlish Technology,Remote,data_engineering,intern,2026-02-14,https://remoteOK.com/remote-jobs/remote-senior-data-engineer-oowlish-technology-1130284
Associate Influencer Marketing,DoorDash USA,"New York, NY; San Francisco, CA; Los Angeles, CA; United States - Remote",analytics,unknown,2026-02-14,https://remoteOK.com/remote-jobs/remote-associate-influencer-marketing-doordash-usa-1130285
Security Access Management Lead,Bounteous,United States,analytics,intern,2026-02-14,https://remoteOK.com/remote-jobs/remote-security-access-management-lead-bounteous-1130286
Manager Sales Engineering,ControlUp,UK,unknown,staff,2026-02-14,https://remoteOK.com/remote-jobs/remote-manager-sales-engineering-controlup-1130287
Information Security Operations Engineer,Bounteous,United States,data_engineering,mid,2026-02-14,https://remoteOK.com/remote-jobs/remote-information-security-operations-engineer-bounteous-1130288
Prompt Engineer,Viseven,"Remote, Ukraine",unknown,unknown,2026-02-14,https://remoteOK.com/remote-jobs/remote-prompt-engineer-viseven-1130289
Desarrollador Backend .NET ETL,NEORIS,Bogota,data_engineering,principal,2026-02-14,https://remoteOK.com/remote-jobs/remote-desarrollador-backend-net-etl-neoris-1130290
Backend Engineer Consumer Engineering,BEDI Partnerships,Mexico City,software,junior,2026-02-14,https://remoteOK.com/remote-jobs/remote-backend-engineer-consumer-engineering-bedi-partnerships-1130291
Audience Writer,ProPublica,Remote,software,unknown,2026-02-14,https://remoteOK.com/remote-jobs/remote-audience-writer-propublica-1130292
Regulatory & Product Counsel,Lucid Software,Remote,unknown,unknown,2026-02-14,https://remoteOK.com/remote-jobs/remote-regulatory-product-counsel-lucid-software-1130293
Lead Engineer Provider Engineering,"Humata Health, Inc",Winter Park,data_engineering,intern,2026-02-14,https://remoteOK.com/remote-jobs/remote-lead-engineer-provider-engineering-humata-health-inc-1130294
Senior Member Growth Manager,Omada Health,USA,analytics,senior,2026-02-14,https://remoteOK.com/remote-jobs/remote-senior-member-growth-manager-omada-health-1130295
Community Engagement Manager Feb 2026,ZÃ³calo Health,Los Angeles,analytics,unknown,2026-02-14,https://remoteOK.com/remote-jobs/remote-community-engagement-manager-feb-2026-zocalo-health-1130296
Senior Frontend Engineer,Roofr,Remote,software,senior,2026-02-14,https://remoteOK.com/remote-jobs/remote-senior-frontend-engineer-roofr-1130297
Implementation Specialist Spanish Speaking,Roofr,Remote,unknown,junior,2026-02-14,https://remoteOK.com/remote-jobs/remote-implementation-specialist-spanish-speaking-roofr-1130298
Implementation Specialist,Roofr,Remote,data_engineering,unknown,2026-02-14,https://remoteOK.com/remote-jobs/remote-implementation-specialist-roofr-1130300
Cloud Engineer,Accenture Federal Services,"Chantilly, VA",data_engineering,junior,2026-02-14,https://remoteOK.com/remote-jobs/remote-cloud-engineer-accenture-federal-services-1130301
Senior Software Engineer,Fleetworthy,Edmonton,software,senior,2026-02-14,https://remoteOK.com/remote-jobs/remote-senior-software-engineer-fleetworthy-1130302
Manager Software Engineering,Chainguard,Remote,software,lead,2026-02-15,https://remoteOK.com/remote-jobs/remote-manager-software-engineering-chainguard-1130304
Enterprise Opener Canada,Brafton,"Toronto, Ontario",software,staff,2026-02-15,https://remoteOK.com/remote-jobs/remote-enterprise-opener-canada-brafton-1130305
Lead Power Systems Engineer Data Centers,Energy Vault,"Tysons Corner, VA",software,lead,2026-02-16,https://remoteOK.com/remote-jobs/remote-lead-power-systems-engineer-data-centers-energy-vault-1130309
HR Business Partner,MissionWired,United States - Remote Flexibility,unknown,unknown,2026-02-16,https://remoteOK.com/remote-jobs/remote-hr-business-partner-missionwired-1130310
Performance Marketing Manager,LiveFlow,Remote,analytics,unknown,2026-02-16,https://remoteOK.com/remote-jobs/remote-performance-marketing-manager-liveflow-1130311
Staff Data Analyst,Weedmaps,Remote,analytics,junior,2026-02-16,https://remoteOK.com/remote-jobs/remote-staff-data-analyst-weedmaps-1130314
Certified Medical Assistant,Midi Health,Remote,unknown,junior,2026-02-16,https://remoteOK.com/remote-jobs/remote-certified-medical-assistant-midi-health-1130315
Global Graphic Designer,Goodway Group,Remote,software,unknown,2026-02-16,https://remoteOK.com/remote-jobs/remote-global-graphic-designer-goodway-group-1130322
Executive Assistant the CEO,Sparrow,Remote,software,unknown,2026-02-16,https://remoteOK.com/remote-jobs/remote-executive-assistant-the-ceo-sparrow-1130323
Senior Software Engineer,Sparrow,Remote,software,intern,2026-02-16,https://remoteOK.com/remote-jobs/remote-senior-software-engineer-sparrow-1130324
Full Stack Engineer Software Development,NewGlobe,Lagos,software,junior,2026-02-16,https://remoteOK.com/remote-jobs/remote-full-stack-engineer-software-development-newglobe-1130325
Senior Software Engineer AI ML,ClickHouse,United States,software,senior,2026-02-16,https://remoteOK.com/remote-jobs/remote-senior-software-engineer-ai-ml-clickhouse-1130326
Talent Coordinator,Bjak ,Jakarta ,unknown,junior,2026-02-16,https://remoteOK.com/remote-jobs/remote-talent-coordinator-bjak-1130327
